"title","totalScore","reviewsCount","street","city","state","countryCode","website","phone","categories/0","categories/1","categories/2","categories/3","categories/4","categories/5","categories/6","categories/7","categories/8","categories/9","url","categoryName"
"Solution Clinica Integrada Odontologia","4.9","414","Rua Brigadeiro Henrique Fontenelle, 293","São Paulo","São Paulo","BR","http://www.clinicasolution.com.br/","+55 11 96444-9140","Clínica odontológica",,,,,,,,,,"https://www.google.com/maps/search/?api=1&query=Solution%20Clinica%20Integrada%20Odontologia&query_place_id=ChIJdQuUvi_5zpQRpHt1u033baw","Clínica odontológica"
"Casatrevo Odontologia","4.9","478","Av. Gen. Mac Arthur, 1206","São Paulo","São Paulo","BR","https://casatrevoodontologia.com.br/","+55 11 91189-9128","Clínica de implante dentário","Clínica odontológica","Dentista","Serviço dentário de emergência","Endodontista","Cirurgião dentista","Ortodontista","Odontopediatra","Periodontista","Serviço de clareamento dental","https://www.google.com/maps/search/?api=1&query=Casatrevo%20Odontologia&query_place_id=ChIJ3dKM1_5VzpQRMaEWGbRoBhU","Clínica de implante dentário"
"DCLIN Odontologia Moderna","5","140","Av. Queiroz Filho, 1560","São Paulo","São Paulo","BR","https://dclinodontologiamoderna.com.br/","+55 11 97450-3954","Clínica odontológica",,,,,,,,,,"https://www.google.com/maps/search/?api=1&query=DCLIN%20Odontologia%20Moderna&query_place_id=ChIJs8molaD4zpQRfDFPF5spaVA","Clínica odontológica"
"Dra Katia Albuquerque - Dentista","4.9","116","R. São João Clímaco, 536 - sala 1","São Paulo","São Paulo","BR","http://consultorioodontok.wix.com/odontok","+55 11 95919-1708","Dentista",,,,,,,,,,"https://www.google.com/maps/search/?api=1&query=Dra%20Katia%20Albuquerque%20-%20Dentista&query_place_id=ChIJYQ9tCJ5czpQRcM8rzNkCIs0","Dentista"
"Dra. Carmen Calixto Odontologia | Invisalign | Dentista na Mooca","4.9","141","R. Me. de Deus, 1603","São Paulo","São Paulo","BR","https://ortodentista.com/","+55 11 95060-8568","Dentista","Dentista cosmético","Clínica odontológica","Serviço dentário de emergência","Endodontista","Cirurgião dentista","Ortodontista","Odontopediatra",,,"https://www.google.com/maps/search/?api=1&query=Dra.%20Carmen%20Calixto%20Odontologia%20%7C%20Invisalign%20%7C%20Dentista%20na%20Mooca&query_place_id=ChIJVQkfo6VezpQRi3Xy0EeUe8g","Dentista"
"Consultório Dra. Larissa Daniel - Cirurgiã Dentista","5","97","Av. Maria Luiza Americano, 1306 - sala 11","São Paulo","São Paulo","BR","https://larissadanielodonto.com.br/","+55 11 2254-5056","Dentista",,,,,,,,,,"https://www.google.com/maps/search/?api=1&query=Consult%C3%B3rio%20Dra.%20Larissa%20Daniel%20-%20Cirurgi%C3%A3%20Dentista&query_place_id=ChIJFx-Z4_9mzpQRIhLunqWRmYw","Dentista"
"Odonto Jardim","4.7","75","R. José de Sá e Arruda, 53","São Paulo","São Paulo","BR","http://clinicaodontojardim.com.br/","+55 11 2753-0668","Clínica odontológica",,,,,,,,,,"https://www.google.com/maps/search/?api=1&query=Odonto%20Jardim&query_place_id=ChIJt1uIFyppzpQRcnn7nCUnvSM","Clínica odontológica"
"AGN Odontologia | Implante Dentário | Aparelho Invisível | Parque da Mooca | São Paulo - SP","5","495","Av. Paes de Barros, 2384","São Paulo","São Paulo","BR","https://agnodontologia.com.br/","+55 11 94821-6750","Cirurgião dentista",,,,,,,,,,"https://www.google.com/maps/search/?api=1&query=AGN%20Odontologia%20%7C%20Implante%20Dent%C3%A1rio%20%7C%20Aparelho%20Invis%C3%ADvel%20%7C%20Parque%20da%20Mooca%20%7C%20S%C3%A3o%20Paulo%20-%20SP&query_place_id=ChIJfV6bK55ezpQRSmKK3_8aobc","Cirurgião dentista"
"Definitiva Odontologia","4.8","376","Av. Rio das Pedras, 172","São Paulo","São Paulo","BR","http://definitivaodontologia.com.br/","+55 11 95491-8448","Clínica odontológica","Periodontia e implantes dentários","Dentista","Endodontista","Cirurgião dentista","Ortodontista",,,,,"https://www.google.com/maps/search/?api=1&query=Definitiva%20Odontologia&query_place_id=ChIJL6qsyPZdzpQRHtfeiRXG2GM","Clínica odontológica"
"4+ Odontologia Integrada | Clínica Odontológica na Vila Prudente SP","4.9","118","Rua Orfanato, 760 - Sala 52","São Paulo","São Paulo","BR","http://www.quatromaisodonto.com.br/","+55 11 2649-9744","Dentista","Clínica odontológica","Cirurgião dentista","Ortodontista",,,,,,,"https://www.google.com/maps/search/?api=1&query=4%2B%20Odontologia%20Integrada%20%7C%20Cl%C3%ADnica%20Odontol%C3%B3gica%20na%20Vila%20Prudente%20SP&query_place_id=ChIJ97c4Eb9dzpQRxKjeXS_kjgY","Dentista"
"Odontologia Réssio","5","501","R. Ingaí, 156 - Conj 1212","São Paulo","São Paulo","BR",,"+55 11 98831-6355","Clínica odontológica","Dentista",,,,,,,,,"https://www.google.com/maps/search/?api=1&query=Odontologia%20R%C3%A9ssio&query_place_id=ChIJx8eTUw5czpQRihpfOTpCJsk","Clínica odontológica"
"Mister Dent Odontologia","4.8","309","Av. Mateo Bei, 1662","São Paulo","São Paulo","BR","http://www.misterdent.com.br/","+55 11 2919-9978","Dentista",,,,,,,,,,"https://www.google.com/maps/search/?api=1&query=Mister%20Dent%20Odontologia&query_place_id=ChIJC04sW89nzpQRQBQ6iMvthhI","Dentista"
"Souffi Odontologia","4.9","282","Estr. Itaquera Guaianazes, 2295","São Paulo","São Paulo","BR",,"+55 11 2552-5522","Clínica odontológica",,,,,,,,,,"https://www.google.com/maps/search/?api=1&query=Souffi%20Odontologia&query_place_id=ChIJ6z0OGLllzpQRD9VP4TLuhIw","Clínica odontológica"
"MR Odontologia Especializada - Clínica Odontológica em Guaianases","4.9","120","R. Nicolau de Lemos Garcia, 55","São Paulo","São Paulo","BR","http://www.mrodonto.com.br/","+55 11 2515-7777","Dentista","Clínica odontológica",,,,,,,,,"https://www.google.com/maps/search/?api=1&query=MR%20Odontologia%20Especializada%20-%20Cl%C3%ADnica%20Odontol%C3%B3gica%20em%20Guaianases&query_place_id=ChIJoz5m5mxkzpQRXZr44C7E70I","Dentista"
"Kéra Odontologia","4.9","107","08030070","São Paulo","SP","BR",,"+55 11 97331-1377","Clínica odontológica",,,,,,,,,,"https://www.google.com/maps/search/?api=1&query=K%C3%A9ra%20Odontologia&query_place_id=ChIJhfKQpoNjzpQRxag3zAGB7QY","Clínica odontológica"
"Shalom Odontologia Integrada - Dentista 24H","4.9","425","Av. Ten. Laudelino F.do Amaral, 422 - Sala 6","São Paulo","São Paulo","BR","https://www.shalomodontologia.com/","+55 11 96625-8802","Clínica odontológica",,,,,,,,,,"https://www.google.com/maps/search/?api=1&query=Shalom%20Odontologia%20Integrada%20-%20Dentista%2024H&query_place_id=ChIJ74b9WnJhzpQRtHdRS-VI7p8","Clínica odontológica"
"Okàn Odontologia Humanizada","4.9","766","R. Hipólito de Camargo, 230","São Paulo","São Paulo","BR","https://okansaudeebemestar.com/","+55 11 2553-3630","Clínica odontológica",,,,,,,,,,"https://www.google.com/maps/search/?api=1&query=Ok%C3%A0n%20Odontologia%20Humanizada&query_place_id=ChIJs6xFy1JkzpQR_VMqJYZI4pQ","Clínica odontológica"
"Clínica Odonto Brasil Implantes","4.7","186","R. Prof. Carlos de Assis Figueiredo, 36","São Paulo","São Paulo","BR","https://www.clinicaodontobrasil.com.br/","+55 11 95192-7376","Dentista",,,,,,,,,,"https://www.google.com/maps/search/?api=1&query=Cl%C3%ADnica%20Odonto%20Brasil%20Implantes&query_place_id=ChIJJ3VzuoJjzpQRqOIPVVSAk0I","Dentista"
"Sorriso de Monalisa Odontologia","4.6","275","R. Arlindo Colaço, 328 - cj 24","São Paulo","São Paulo","BR","https://sorrisodemonalisaodonto.com.br/","+55 11 94714-1041","Dentista","Dentista cosmético","Periodontia e implantes dentários","Clínica de implante dentário","Centro de cuidados com dentaduras","Endodontista","Cirurgião dentista","Ortodontista",,,"https://www.google.com/maps/search/?api=1&query=Sorriso%20de%20Monalisa%20Odontologia&query_place_id=ChIJHeeT-mJhzpQRQYiDzgrYiyU","Dentista"
"Anjos Odontologia","4.7","170","Rua Padre Viegas de Menezes, 245 - Casa 1","São Paulo","São Paulo","BR",,"+55 11 2056-3459","Clínica odontológica","Periodontia e implantes dentários","Endodontista","Clínico geral","Cirurgião",,,,,,"https://www.google.com/maps/search/?api=1&query=Anjos%20Odontologia&query_place_id=ChIJhUz08bhmzpQR7wU3cbZHJmU","Clínica odontológica"
"Sorelle Odontologia","5","46","Rua Victório Santim, 766","São Paulo","São Paulo","BR",,"+55 11 97185-0223","Clínica odontológica",,,,,,,,,,"https://www.google.com/maps/search/?api=1&query=Sorelle%20Odontologia&query_place_id=ChIJ_xeSs19nzpQRV_cEYl3m4nI","Clínica odontológica"
"DKM Odontologia","5","185","Av. Oliveira Freire, 1200 - 1• andar","São Paulo","São Paulo","BR","https://www.instagram.com/dkm.odontologia/","+55 11 99569-2749","Dentista",,,,,,,,,,"https://www.google.com/maps/search/?api=1&query=DKM%20Odontologia&query_place_id=ChIJ3bEGnshjzpQR30x_XCCgyyQ","Dentista"
"K10 Clínica de Odontologia, Ortodontia, Implantes e Próteses Dentárias em Itaquera","5","193","R. Norival Aparecido Costa, 92","São Paulo","São Paulo","BR","https://k10odonto.com.br/","+55 11 2518-2057","Clínica odontológica","Cirurgião dentista","Ortodontista",,,,,,,,"https://www.google.com/maps/search/?api=1&query=K10%20Cl%C3%ADnica%20de%20Odontologia%2C%20Ortodontia%2C%20Implantes%20e%20Pr%C3%B3teses%20Dent%C3%A1rias%20em%20Itaquera&query_place_id=ChIJ0T2hybxmzpQRWkbl9MdT9WE","Clínica odontológica"
"ND Nathalia Dutra Odontologia Especializada","4.9","118","R. Ivoturucaia, 2c","São Paulo","São Paulo","BR","https://instagram.com/ndnathaliadutra?igshid=MzRlODBiNWFlZA==","+55 11 93943-7527","Dentista","Consultoria",,,,,,,,,"https://www.google.com/maps/search/?api=1&query=ND%20Nathalia%20Dutra%20Odontologia%20Especializada&query_place_id=ChIJl8f6catjzpQRZxnZdMqNqTs","Dentista"
"ACS Odontologia | Dentista em Itaquera","4.9","304","R. Fontoura Xavier, 1044","São Paulo","São Paulo","BR","http://www.acsodontologia.com.br/","+55 11 2205-5290","Clínica odontológica","Periodontia e implantes dentários","Endodontista","Ortodontista","Odontopediatra","Clínica de odontopediatria","Periodontista",,,,"https://www.google.com/maps/search/?api=1&query=ACS%20Odontologia%20%7C%20Dentista%20em%20Itaquera&query_place_id=ChIJR6yNspZnzpQRksyC6mIAn04","Clínica odontológica"
"Dra. Dente (Dentista - Itaim Paulista)","5","63","Rua Tibúrcio de Sousa, 119","São Paulo","São Paulo","BR",,"+55 11 2571-0213","Dentista",,,,,,,,,,"https://www.google.com/maps/search/?api=1&query=Dra.%20Dente%20(Dentista%20-%20Itaim%20Paulista)&query_place_id=ChIJX3-7FW9jzpQR7onk6rcG2x8","Dentista"
"Clínica Dentista do Povo - Itaim Paulista","4.8","155","Avenida Marechal Tito, 4490","São Paulo","São Paulo","BR","https://clinicadentistadopovo.com.br/","+55 11 2571-4167","Clínica odontológica",,,,,,,,,,"https://www.google.com/maps/search/?api=1&query=Cl%C3%ADnica%20Dentista%20do%20Povo%20-%20Itaim%20Paulista&query_place_id=ChIJC8R-n4JjzpQRoI6X8WBaOGM","Clínica odontológica"
"Clínica Dr. Heliton - Dentista em Itaquera","4.9","535","Av. Campanella, 2453","São Paulo","São Paulo","BR",,"+55 11 95969-0010","Dentista","Clínica odontológica",,,,,,,,,"https://www.google.com/maps/search/?api=1&query=Cl%C3%ADnica%20Dr.%20Heliton%20-%20Dentista%20em%20Itaquera&query_place_id=ChIJ-xMNTLdnzpQRkh7-5nqtaXo","Dentista"
"Dentista Dr. Washington Almeida","5","59","Rua Marco Antonio Setti, 506","São Paulo","São Paulo","BR","https://instagram.com/dr.washington_almeida?igshid=1ct7o18m0holz","+55 11 98118-0588","Dentista",,,,,,,,,,"https://www.google.com/maps/search/?api=1&query=Dentista%20Dr.%20Washington%20Almeida&query_place_id=ChIJuVJ0zrNkzpQRRbhwXAJUbMw","Dentista"
"Clínica Nova Jerusalém - Dentista São Paulo","4.5","376","R. Amadeu Gamberini, 89","São Paulo","São Paulo","BR","https://www.clinicanovajerusalem.com/","+55 11 99463-8070","Dentista","Periodontia e implantes dentários","Endodontista","Clínico geral","Ortodontista","Periodontista",,,,,"https://www.google.com/maps/search/?api=1&query=Cl%C3%ADnica%20Nova%20Jerusal%C3%A9m%20-%20Dentista%20S%C3%A3o%20Paulo&query_place_id=ChIJ261mbmNhzpQReBjd_iXqPGk","Dentista"
"Rennova Odontologia Vila Ré - Dentista na vila Ré","4.8","54","R. Itinguçu, 1098","São Paulo","São Paulo","BR","https://api.whatsapp.com/send?phone=5511974556070","+55 11 2685-8344","Dentista",,,,,,,,,,"https://www.google.com/maps/search/?api=1&query=Rennova%20Odontologia%20Vila%20R%C3%A9%20-%20Dentista%20na%20vila%20R%C3%A9&query_place_id=ChIJJ81o9LxgzpQRmaatERq7Aek","Dentista"
"Ressù Oral Clinic","5","240","Av. Boturussu, 212","São Paulo","São Paulo","BR","https://www.ressuoralclinic.com.br/","","Dentista","Clínica odontológica","Cirurgião dentista",,,,,,,,"https://www.google.com/maps/search/?api=1&query=Ress%C3%B9%20Oral%20Clinic&query_place_id=ChIJWzx_wN9hzpQRi8OlJ8-SSUE","Dentista"
"Consultório Odontológico da Vila | Unid. 2 | Dentista na Vila Curuçá | São Miguel Paulista","4.7","24","Rua Guaraitá, 949","São Paulo","São Paulo","BR","https://davilaodontologia.com.br/","+55 11 97952-6687","Dentista","Periodontia e implantes dentários","Clínica odontológica","Cirurgião dentista",,,,,,,"https://www.google.com/maps/search/?api=1&query=Consult%C3%B3rio%20Odontol%C3%B3gico%20da%20Vila%20%7C%20Unid.%202%20%7C%20Dentista%20na%20Vila%20Curu%C3%A7%C3%A1%20%7C%20S%C3%A3o%20Miguel%20Paulista&query_place_id=ChIJCU_cZ9FjzpQRM2lG36veNFM","Dentista"
"Odontti Clinic – Dentista em Itaquera | Clínica Odontológica","5","54","R. Virgínia Ferni, 557A","São Paulo","São Paulo","BR","http://www.odontticlinic.com.br/","+55 11 94884-7778","Dentista","Clínica odontológica","Periodontia e implantes dentários","Serviço dentário de emergência","Endodontista","Clínico geral","Cirurgião dentista","Ortodontista","Odontopediatra","Serviço de clareamento dental","https://www.google.com/maps/search/?api=1&query=Odontti%20Clinic%20%E2%80%93%20Dentista%20em%20Itaquera%20%7C%20Cl%C3%ADnica%20Odontol%C3%B3gica&query_place_id=ChIJYYwF8-VnzpQRz6K_oVLv1EA","Dentista"
"Dentista em Itaquera | Dra. Sirlândia Souza","5","232","R. Fontoura Xavier, 750 - Sala 1","São Paulo","São Paulo","BR","https://www.odontsis.com.br/","+55 11 2286-1331","Dentista","Periodontia e implantes dentários","Cirurgião dentista","Ortodontista","Laboratório de prótese e órtese","Odontopediatra","Clínica de odontopediatria",,,,"https://www.google.com/maps/search/?api=1&query=Dentista%20em%20Itaquera%20%7C%20Dra.%20Sirl%C3%A2ndia%20Souza&query_place_id=ChIJRZ-EoIT_zpQRFjbwKfo4-1o","Dentista"
"Clínica Dentista do Povo - São Miguel Paulista","4.3","19","R. Salvador de Medeiros, 346","São Paulo","São Paulo","BR","https://www.clinicadentistadopovo.com.br/","+55 11 2058-4631","Clínica odontológica",,,,,,,,,,"https://www.google.com/maps/search/?api=1&query=Cl%C3%ADnica%20Dentista%20do%20Povo%20-%20S%C3%A3o%20Miguel%20Paulista&query_place_id=ChIJk0xO0GJhzpQRt4gRyeyIazk","Clínica odontológica"
"Dentista Dra. Luiza Lessa","5","50","R. Cardon, 16 - Sala 4","São Paulo","São Paulo","BR","https://www.instagram.com/draluizalessa_?igsh=aGdqZmdjeG5lcnVq&utm_source=qr","+55 11 95803-7126","Dentista","Clínica odontológica",,,,,,,,,"https://www.google.com/maps/search/?api=1&query=Dentista%20Dra.%20Luiza%20Lessa&query_place_id=ChIJyXq1P9NjzpQRqbN8u6ttQSg","Dentista"
"Dentista Guaianases - Dr Saúde e Sorriso| Implante Dentario| Aparelho Ortodontico | Limpeza | Clareamento | Extrações","4.9","31","R. Salvador Gianetti, 848 A - Sala 11","São Paulo","São Paulo","BR","https://doutorsaudesorriso.com.br/","+55 11 2961-2255","Dentista",,,,,,,,,,"https://www.google.com/maps/search/?api=1&query=Dentista%20Guaianases%20-%20Dr%20Sa%C3%BAde%20e%20Sorriso%7C%20Implante%20Dentario%7C%20Aparelho%20Ortodontico%20%7C%20Limpeza%20%7C%20Clareamento%20%7C%20Extra%C3%A7%C3%B5es&query_place_id=ChIJx_SQ0ZJlzpQRvWTuUklDyVg","Dentista"
"Dentista Itaim Paulista - Dr. Guilherme","5","50","Rua Curicharas N°61 Jd. Aimoré","São Paulo","SP","BR",,"+55 11 96566-3720","Cirurgião dentista",,,,,,,,,,"https://www.google.com/maps/search/?api=1&query=Dentista%20Itaim%20Paulista%20-%20Dr.%20Guilherme&query_place_id=ChIJxRl-aZ1jzpQRr_HVBcpKmbc","Cirurgião dentista"
"Implantes Dentários | Aparelho Dentário | Dentista | OdontoPonto | Guaianazes, Guaianases Vila Minerva - SP","4.9","1684","Rua Capitão Pucci, 62","São Paulo","São Paulo","BR","http://www.dentistaemguaianases.com.br/","+55 11 94034-4231","Dentista","Periodontia e implantes dentários","Clínica odontológica","Ortodontista",,,,,,,"https://www.google.com/maps/search/?api=1&query=Implantes%20Dent%C3%A1rios%20%7C%20Aparelho%20Dent%C3%A1rio%20%7C%20Dentista%20%7C%20OdontoPonto%20%7C%20Guaianazes%2C%20Guaianases%20Vila%20Minerva%20-%20SP&query_place_id=ChIJMdnXdlJkzpQRDYZTrMngr_U","Dentista"
"ODONTOLOGIA AVANÇADA | Dentista na Zona Leste - Jd Três Marias","4.8","129","R. Dr. José do Amaral, 279","São Paulo","São Paulo","BR","https://odontologiaavancada.com.br/","+55 11 98098-4278","Dentista",,,,,,,,,,"https://www.google.com/maps/search/?api=1&query=ODONTOLOGIA%20AVAN%C3%87ADA%20%7C%20Dentista%20na%20Zona%20Leste%20-%20Jd%20Tr%C3%AAs%20Marias&query_place_id=ChIJlapABsBgzpQR11IrwrpNm34","Dentista"
"Dra Andréia Mota Odontologia - Dentista Artur Alvim I Endodontia","5","60","Av. Águia de Haia, 761 - sala 03","São Paulo","São Paulo","BR","http://draandreiamota.com.br/","+55 11 94757-0468","Dentista","Dentista cosmético","Clínica odontológica","Endodontista","Cirurgião dentista","Ortodontista","Periodontista","Serviço de clareamento dental",,,"https://www.google.com/maps/search/?api=1&query=Dra%20Andr%C3%A9ia%20Mota%20Odontologia%20-%20Dentista%20Artur%20Alvim%20I%20Endodontia&query_place_id=ChIJ5Rnd1TdnzpQRoNWYaJxP1kA","Dentista"
"Odontologia Especializada - Dentista Patriarca","5","63","Rua João José de Queiroz, 1125 - Sala 1","São Paulo","São Paulo","BR",,"+55 11 4117-3575","Dentista","Dentista cosmético","Periodontia e implantes dentários","Clínica odontológica","Endodontista","Cirurgião dentista","Ortodontista","Odontopediatra",,,"https://www.google.com/maps/search/?api=1&query=Odontologia%20Especializada%20-%20Dentista%20Patriarca&query_place_id=ChIJ1eJ0AsRgzpQRj_MZsX5872c","Dentista"
"Dentista São Miguel","4.8","81","R. Arlindo Colaço, 323","São Paulo","São Paulo","BR","https://wa.me/5511952823870","+55 11 95282-3870","Dentista","Clínica odontológica",,,,,,,,,"https://www.google.com/maps/search/?api=1&query=Dentista%20S%C3%A3o%20Miguel&query_place_id=ChIJObhbL6ZhzpQR_QFNU9AxOic","Dentista"
"Bem Odontologia | Implantes Dentários | Prótese Protocolo | Facetas em Resina","4.9","343","Estr. da Colonia Mário Reimberg Christe","São Paulo","São Paulo","BR",,"+55 11 95040-2340","Dentista",,,,,,,,,,"https://www.google.com/maps/search/?api=1&query=Bem%20Odontologia%20%7C%20Implantes%20Dent%C3%A1rios%20%7C%20Pr%C3%B3tese%20Protocolo%20%7C%20Facetas%20em%20Resina&query_place_id=ChIJcctXOxZJzpQRPm5a1g79XpE","Dentista"
"Dra Amanda Sodré, Consultorio Odontológico","5","45","Av. da Moenda Velha, 289","São Paulo","São Paulo","BR",,"+55 11 99854-3892","Dentista",,,,,,,,,,"https://www.google.com/maps/search/?api=1&query=Dra%20Amanda%20Sodr%C3%A9%2C%20Consultorio%20Odontol%C3%B3gico&query_place_id=ChIJN4IIyMVTzpQRq3qiscnitIo","Dentista"
"Clínica Dental Raúl Torrez","5","96","Rua Garcia De Orta 92 - Compl.C/4","São Paulo","SP","BR","https://instagram.com/dr.raulalberto1976?igshid=MzRlODBiNWFlZA==","+55 11 95360-9189","Clínica odontológica",,,,,,,,,,"https://www.google.com/maps/search/?api=1&query=Cl%C3%ADnica%20Dental%20Ra%C3%BAl%20Torrez&query_place_id=ChIJ15qpWrtTzpQRCBUxMzq6MHc","Clínica odontológica"
"A Odontologia","5","35","R. Elísia Gonçalves Barcelos, 26","São Paulo","São Paulo","BR",,"+55 11 98049-7219","Dentista",,,,,,,,,,"https://www.google.com/maps/search/?api=1&query=A%20Odontologia&query_place_id=ChIJN1GwHUpPzpQRWooeZ5mCirU","Dentista"
"Consultório Odontológico Valo Velho","4.6","10","Estr. de Itapecerica, 12700","São Paulo","São Paulo","BR","https://bit.ly/ConsultorioValoVelho","+55 11 98106-4072","Dentista","Clínica odontológica","Endodontista","Cirurgião dentista","Ortodontista","Periodontista",,,,,"https://www.google.com/maps/search/?api=1&query=Consult%C3%B3rio%20Odontol%C3%B3gico%20Valo%20Velho&query_place_id=ChIJ2zNKYeFSzpQR_S07VQCwx3A","Dentista"
"Dentista 24 horas, Atendimentos de Urgências e Convencionais","4.6","56","Av. Dona Belmira Marin, 1782","São Paulo","São Paulo","BR","https://api.whatsapp.com/send?phone=5511962824345&text=Ol%C3%A1,%20gostaria%20de%20agendar%20um%20hor%C3%A1rio!","+55 11 96282-4345","Dentista",,,,,,,,,,"https://www.google.com/maps/search/?api=1&query=Dentista%2024%20horas%2C%20Atendimentos%20de%20Urg%C3%AAncias%20e%20Convencionais&query_place_id=ChIJRVd4uspPzpQRsZ17msgRT-c","Dentista"
"DRA BEATRIZ CARVALHO ODONTOLOGIA","5","205","R. José Manoel Nicoli, 23","São Paulo","São Paulo","BR","https://sites.google.com/view/dental-vallo/in%C3%ADcio","+55 11 99337-9191","Dentista","Clínica odontológica","Periodontia e implantes dentários","Laboratório de odontologia","Serviço dentário de emergência","Endodontista","Cirurgião dentista","Ortodontista",,,"https://www.google.com/maps/search/?api=1&query=DRA%20BEATRIZ%20CARVALHO%20ODONTOLOGIA&query_place_id=ChIJj-y77VRTzpQRJYuHWuKTsTY","Dentista"
"CX Odontologia Especializada/Dra. Camila Xavier","4.8","60","R. João Felício dos Santos, 62","São Paulo","São Paulo","BR","https://typebot.co/dra-camila-xavier","+55 11 93359-7778","Dentista","Cirurgião dentista","Ortodontista",,,,,,,,"https://www.google.com/maps/search/?api=1&query=CX%20Odontologia%20Especializada%2FDra.%20Camila%20Xavier&query_place_id=ChIJAQCw6ONSzpQRjKMKX2ewxGQ","Dentista"
"Clinic Smile Odontológia Especializada","5","14","Av. Taquandava, 327","São Paulo","São Paulo","BR",,"+55 11 95498-5458","Dentista",,,,,,,,,,"https://www.google.com/maps/search/?api=1&query=Clinic%20Smile%20Odontol%C3%B3gia%20Especializada&query_place_id=ChIJ9c4zAQBNzpQRELpSUymbBzg","Dentista"
"Dentista Odontologia Dr. Vinicius (Implantodontista)","5","147","R. Ciclades, 1.234","São Paulo","São Paulo","BR",,"+55 11 98689-1562","Dentista",,,,,,,,,,"https://www.google.com/maps/search/?api=1&query=Dentista%20Odontologia%20Dr.%20Vinicius%20(Implantodontista)&query_place_id=ChIJsd3FLfJSzpQRyAFlq4zFAyE","Dentista"
"A G Sorriso","4.9","29","Av. Manoel dos Santos Braga, 1246","São Paulo","São Paulo","BR",,"+55 11 2048-2790","Dentista",,,,,,,,,,"https://www.google.com/maps/search/?api=1&query=A%20G%20Sorriso&query_place_id=ChIJ330SihdhzpQRaICrE7QhBC4","Dentista"
"Implemente Odontologia Arthur Alvim - Implantes Dentários, Dentista Arthur Alvim","4.9","356","R. Maria Eugênia Célso, 96","São Paulo","São Paulo","BR","https://implementeodonto.com.br/dentista-artur-alvim/","+55 11 98983-9933","Dentista","Clínica odontológica","Periodontia e implantes dentários","Cirurgião dentista","Ortodontista",,,,,,"https://www.google.com/maps/search/?api=1&query=Implemente%20Odontologia%20Arthur%20Alvim%20-%20Implantes%20Dent%C3%A1rios%2C%20Dentista%20Arthur%20Alvim&query_place_id=ChIJA3Wnay9nzpQR-z2Olenjqtg","Dentista"
"Dra Cibele Kimie Nakaya Dentista especialista em Endodontia, Estética e Implantodontia","4.8","32","Av. Nordestina, 5460 - Sala 06","São Paulo","São Paulo","BR",,"+55 11 2515-0069","Dentista",,,,,,,,,,"https://www.google.com/maps/search/?api=1&query=Dra%20Cibele%20Kimie%20Nakaya%20Dentista%20especialista%20em%20Endodontia%2C%20Est%C3%A9tica%20e%20Implantodontia&query_place_id=ChIJUyQqcGtkzpQR4bHNDg-gLd0","Dentista"
"Acredite Odontologia | Dentista em Itaquera","4.5","131","Rua Américo Salvador Novelli, 442","São Paulo","São Paulo","BR",,"+55 11 97443-5406","Dentista",,,,,,,,,,"https://www.google.com/maps/search/?api=1&query=Acredite%20Odontologia%20%7C%20Dentista%20em%20Itaquera&query_place_id=ChIJ4StF5clnzpQRw_UDNblb0Z8","Dentista"
"Odonto Wesen | Implante Dentário | Dentista | Vila Jacuí | São Paulo - SP","5","123","Av. Dr. Ussiel Cirilo, 45","São Paulo","São Paulo","BR","https://www.odontowesen.com.br/","+55 11 3506-5073","Clínica odontológica","Ortodontista",,,,,,,,,"https://www.google.com/maps/search/?api=1&query=Odonto%20Wesen%20%7C%20Implante%20Dent%C3%A1rio%20%7C%20Dentista%20%7C%20Vila%20Jacu%C3%AD%20%7C%20S%C3%A3o%20Paulo%20-%20SP&query_place_id=ChIJUYpMof5hzpQR3mWUNRtH5-c","Clínica odontológica"
"Dentista - Clínica Odontologia Integrada","5","49","Av. Boturussu, 618 - sala 9","São Paulo","São Paulo","BR","https://www.facebook.com/profile.php?id=61583922063165","+55 11 93366-8245","Dentista",,,,,,,,,,"https://www.google.com/maps/search/?api=1&query=Dentista%20-%20Cl%C3%ADnica%20Odontologia%20Integrada&query_place_id=ChIJh5KxqTNhzpQRxtqla3_6GXc","Dentista"
"Oral Sin Implantes Itaquera - Dentista em São Paulo","4.9","173","R. Barros Cassal, 176","São Paulo","São Paulo","BR","http://www.oralsinsp.com.br/","+55 11 5908-3994","Dentista","Clínica odontológica","Clínica de implante dentário","Cirurgião dentista",,,,,,,"https://www.google.com/maps/search/?api=1&query=Oral%20Sin%20Implantes%20Itaquera%20-%20Dentista%20em%20S%C3%A3o%20Paulo&query_place_id=ChIJP2on9CpnzpQRwEFCvEGi0Ng","Dentista"
"Dra Bianca Lopes | Dentista em Itaquera","5","91","R. Fontoura Xavier, 946 - Sala 3","São Paulo","São Paulo","BR","https://blodontologia-halitose.blodontologia.com.br/tratamentodemauhalito","+55 11 99296-5875","Dentista",,,,,,,,,,"https://www.google.com/maps/search/?api=1&query=Dra%20Bianca%20Lopes%20%7C%20Dentista%20em%20Itaquera&query_place_id=ChIJJ98-dNlnzpQRaDxGv_YsF5g","Dentista"
"Dentista - Dra. Wanessa/ Dra. Michely/Dr. Geraldo Jr.","5","3","Rua Tibúrcio de Sousa, 1407","São Paulo","São Paulo","BR",,"","Dentista",,,,,,,,,,"https://www.google.com/maps/search/?api=1&query=Dentista%20-%20Dra.%20Wanessa%2F%20Dra.%20Michely%2FDr.%20Geraldo%20Jr.&query_place_id=ChIJv6px5nBlzpQR4Km1HgOQjMU","Dentista"
"Dentista Dr. Sílvio Machado.","4.9","74","Rua Américo Salvador Novelli, 303","São Paulo","São Paulo","BR","https://drsilviomachado.com.br/","+55 11 94908-8727","Dentista",,,,,,,,,,"https://www.google.com/maps/search/?api=1&query=Dentista%20Dr.%20S%C3%ADlvio%20Machado.&query_place_id=ChIJD56muL5mzpQRyB5jFl6tJ-Y","Dentista"
"Dentista Dra. Daniela Garcia","5","1","R. Domingos Fernandes Nobre, 507","São Paulo","São Paulo","BR",,"+55 11 94841-6081","Dentista",,,,,,,,,,"https://www.google.com/maps/search/?api=1&query=Dentista%20Dra.%20Daniela%20Garcia&query_place_id=ChIJVSDm70ljzpQROc7a4aZm0BQ","Dentista"
"Cirurgiã Dentista Vila Cisper/ Dra. Flavia Cristina","5","8","R. Campo Erê, 15","São Paulo","São Paulo","BR",,"+55 11 91513-4039","Dentista","Laboratório de odontologia","Cirurgião dentista",,,,,,,,"https://www.google.com/maps/search/?api=1&query=Cirurgi%C3%A3%20Dentista%20Vila%20Cisper%2F%20Dra.%20Flavia%20Cristina&query_place_id=ChIJbRtJvxFhzpQRonTe-2btH34","Dentista"
"Dra. Mariza Rodrigues ( cirurgiã dentista)","5","14","Av. Padre Francisco de Toledo, 70","São Paulo","São Paulo","BR",,"+55 11 96461-4225","Clínica odontológica","Clínica de Reabilitação",,,,,,,,,"https://www.google.com/maps/search/?api=1&query=Dra.%20Mariza%20Rodrigues%20(%20cirurgi%C3%A3%20dentista)&query_place_id=ChIJ97RIHGZnzpQRH0OXIr8t0ts","Clínica odontológica"
"ODONTO OLIVEIRA I Dra. Daniela - Dentista","4.9","12","R. Rev. João Euclídes Pereira, 568","São Paulo","São Paulo","BR","https://www.instagram.com/dra.odontooliveira","+55 11 2547-0968","Dentista","Clínica odontológica","Odontopediatra","Periodontista",,,,,,,"https://www.google.com/maps/search/?api=1&query=ODONTO%20OLIVEIRA%20I%20Dra.%20Daniela%20-%20Dentista&query_place_id=ChIJ6TpycFNgzpQRy8hNkgCP_RQ","Dentista"
"Dra. Denise França - Dentista Ermelino Matarazzo","4.9","100","Av. Paranaguá, 1237","São Paulo","São Paulo","BR",,"+55 11 3969-1004","Odontopediatra","Clínica odontológica","Periodontia e implantes dentários","Dentista",,,,,,,"https://www.google.com/maps/search/?api=1&query=Dra.%20Denise%20Fran%C3%A7a%20-%20Dentista%20Ermelino%20Matarazzo&query_place_id=ChIJyQQxmhJhzpQRVoEeWvRcv9Q","Odontopediatra"
"Flow Odontologia | Dentista em Itaquera","5","172","R. Flores do Piauí, 90","São Paulo","São Paulo","BR",,"+55 11 2944-0604","Dentista","Dentista cosmético","Clínica odontológica","Periodontia e implantes dentários","Cirurgião dentista","Ortodontista","Periodontista",,,,"https://www.google.com/maps/search/?api=1&query=Flow%20Odontologia%20%7C%20Dentista%20em%20Itaquera&query_place_id=ChIJofI63G9nzpQRf7lwp9fzV1M","Dentista"
"Dra Fabiana Gomes Dentista (FVG ODONTOLOGIA INTEGRADA)","5","10","Av. Olavo Egídio de Souza Aranha, 1339 - sala2","São Paulo","São Paulo","BR","https://www.instagram.com/drafabianagomess/","+55 11 96426-2838","Dentista",,,,,,,,,,"https://www.google.com/maps/search/?api=1&query=Dra%20Fabiana%20Gomes%20Dentista%20(FVG%20ODONTOLOGIA%20INTEGRADA)&query_place_id=ChIJzYdvEOthzpQRzvBgEYDrRgU","Dentista"
"Dra Denise Baptista - Dentista em Itaquera","5","103","Av. Campanella, 2410 - sala 1","São Paulo","São Paulo","BR",,"+55 11 95875-2841","Dentista",,,,,,,,,,"https://www.google.com/maps/search/?api=1&query=Dra%20Denise%20Baptista%20-%20Dentista%20em%20Itaquera&query_place_id=ChIJ7ZEcNwBnzpQRd2KtSyMg4eo","Dentista"
"Dra Jacqueline Oliveira I Cirurgiã Dentista","5","15","Av. São Miguel, 4930","São Paulo","São Paulo","BR","https://www.instagram.com/dra.jacquelinetsudano","+55 11 98648-0665","Dentista","Endodontista","Clínico geral","Cirurgião dentista","Ortodontista","Periodontista","Serviço de clareamento dental",,,,"https://www.google.com/maps/search/?api=1&query=Dra%20Jacqueline%20Oliveira%20I%20Cirurgi%C3%A3%20Dentista&query_place_id=ChIJ6xHfHj9hzpQRxnDIFU8RwOU","Dentista"
"Dodoclin Dentista","4","69","R. Barros Cassal, 72","São Paulo","São Paulo","BR",,"+55 11 2074-3099","Dentista",,,,,,,,,,"https://www.google.com/maps/search/?api=1&query=Dodoclin%20Dentista&query_place_id=ChIJocZaOB5nzpQRIY05hTbuxLY","Dentista"
"Dentista 24 horas -Metrô Artur Alvim GIODONTO -Zona leste EMERGÊNCIA","4.9","60","Próx metrô Artur Alvim - R. Inês Monteiro, 165 - sala 7","São Paulo","São Paulo","BR","https://www.giodonto24hrs.com/","+55 11 96145-0214","Dentista","Clínica odontológica","Periodontia e implantes dentários","Cirurgião dentista",,,,,,,"https://www.google.com/maps/search/?api=1&query=Dentista%2024%20horas%20-Metr%C3%B4%20Artur%20Alvim%20GIODONTO%20-Zona%20leste%20EMERG%C3%8ANCIA&query_place_id=ChIJ91H3lFdnzpQRhvP90I39-QA","Dentista"
"Itaodonto | Dentista em Itaquera","4.9","50","R. Heitor, 115","São Paulo","São Paulo","BR",,"+55 11 2944-9474","Clínica odontológica","Cirurgião dentista",,,,,,,,,"https://www.google.com/maps/search/?api=1&query=Itaodonto%20%7C%20Dentista%20em%20Itaquera&query_place_id=ChIJqVR7yL5mzpQRGY64HncJSYc","Clínica odontológica"
"Dr. Assad A. K. Saleh Dentista","4.8","10","Av. São Miguel, 3710","São Paulo","São Paulo","BR",,"+55 11 2041-0729","Dentista",,,,,,,,,,"https://www.google.com/maps/search/?api=1&query=Dr.%20Assad%20A.%20K.%20Saleh%20Dentista&query_place_id=ChIJA_a2VI1gzpQRRQVNhdrKamU","Dentista"
"Dr. André Akira Dentista","5","7","Rua desembargador Isnard dos reis 199 sobreloja 4 Cidade Kemel 1","São Paulo","SP","BR",,"+55 11 98913-6562","Dentista",,,,,,,,,,"https://www.google.com/maps/search/?api=1&query=Dr.%20Andr%C3%A9%20Akira%20Dentista&query_place_id=ChIJmwQbdK5kzpQRBMgLh3QQR5o","Dentista"
"Dentista Dra. Neila","5","2","R. Jacareana, 2","São Paulo","São Paulo","BR",,"+55 11 2562-9970","Dentista",,,,,,,,,,"https://www.google.com/maps/search/?api=1&query=Dentista%20Dra.%20Neila&query_place_id=ChIJuxvtVZ5kzpQRDCHXXgOvyLA","Dentista"
"Sorridents | Dentista em Campanella","4.7","277","Av. Campanella, 218","São Paulo","São Paulo","BR","https://linktr.ee/sorridentscampanella","+55 11 99440-4465","Dentista","Clínica odontológica","Periodontia e implantes dentários","Endodontista","Cirurgião dentista","Ortodontista","Odontopediatra","Periodontista",,,"https://www.google.com/maps/search/?api=1&query=Sorridents%20%7C%20Dentista%20em%20Campanella&query_place_id=ChIJ4XD7L9FmzpQRG8TwGZDZVVE","Dentista"
"Clínica Castelinho II","5","68","R. Prof. Joaquim de Camargo, 49","São Paulo","São Paulo","BR","http://www.clinicacastelinho2.com.br/","+55 11 2033-7462","Clínica odontológica","Médico de família","Cirurgião dentista",,,,,,,,"https://www.google.com/maps/search/?api=1&query=Cl%C3%ADnica%20Castelinho%20II&query_place_id=ChIJ0yxqjmNhzpQRd6M8RxMBFRo","Clínica odontológica"
"Odonto Itaquera I Dentista Itaquera","5","2","Av. Pires do Rio, 4760","São Paulo","São Paulo","BR",,"+55 11 5108-4914","Clínica odontológica",,,,,,,,,,"https://www.google.com/maps/search/?api=1&query=Odonto%20Itaquera%20I%20Dentista%20Itaquera&query_place_id=ChIJcbts6rlmzpQRnD5d-3zPVfY","Clínica odontológica"
"ODONTO DIAS | São Paulo - Sp Parelheiros Zona Sul","5","6","Estr. Ecoturística de Parelheiros, 6478 - Box 8","São Paulo","São Paulo","BR","https://www.facebook.com/ODONTODIASPARELHEIROS/","+55 11 5920-4564","Dentista",,,,,,,,,,"https://www.google.com/maps/search/?api=1&query=ODONTO%20DIAS%20%7C%20S%C3%A3o%20Paulo%20-%20Sp%20Parelheiros%20Zona%20Sul&query_place_id=ChIJV_rUsptJzpQRhy7cclleDc0","Dentista"
"Luvi-Odontologia Especializada","5","12","R. Pedro Klein do Nascimento, 01B","São Paulo","São Paulo","BR",,"+55 11 99545-8240","Dentista","Dentista cosmético","Cirurgião dentista",,,,,,,,"https://www.google.com/maps/search/?api=1&query=Luvi-Odontologia%20Especializada&query_place_id=ChIJ9yUbqz5JzpQRExqG7lzgIbg","Dentista"
"Sorridents Parelheiros: Dentista, Clínica Odontológica, Clareamento em São Paulo","4.1","79","Praça Júlio César de Campos, 4","São Paulo","São Paulo","BR","https://sorridents.com.br/","+55 11 5926-3082","Dentista","Dentista cosmético","Clínica de implante dentário","Clínica odontológica","Cirurgião dentista","Ortodontista","Odontopediatra","Clínica de odontopediatria","Periodontista",,"https://www.google.com/maps/search/?api=1&query=Sorridents%20Parelheiros%3A%20Dentista%2C%20Cl%C3%ADnica%20Odontol%C3%B3gica%2C%20Clareamento%20em%20S%C3%A3o%20Paulo&query_place_id=ChIJxykZ2VxYzpQRLHCwWltiKF8","Dentista"
"Odontologia Albuquerque","4.6","20","Estr. Ecoturística de Parelheiros, 6771","São Paulo","São Paulo","BR",,"+55 11 5921-8241","Cirurgião dentista",,,,,,,,,,"https://www.google.com/maps/search/?api=1&query=Odontologia%20Albuquerque&query_place_id=ChIJ3Zq7rPRJzpQRxol5UNDuxKU","Cirurgião dentista"
"LM ODONTOLOGIA","5","2","Av. das Palmeiras","São Paulo","São Paulo","BR",,"+55 11 95065-3381","Dentista",,,,,,,,,,"https://www.google.com/maps/search/?api=1&query=LM%20ODONTOLOGIA&query_place_id=ChIJkY5Buxs3zpQR9lEbF2FBE0A","Dentista"
"+Sorriso Odontologia Parelheiros","4.1","149","Estr. da Colonia Mário Reimberg Christe, 232","São Paulo","São Paulo","BR","https://maissorriso.odo.br/","+55 11 91054-9292","Clínica odontológica",,,,,,,,,,"https://www.google.com/maps/search/?api=1&query=%2BSorriso%20Odontologia%20Parelheiros&query_place_id=ChIJf3PhdwNJzpQRyTo_dhL6B5w","Clínica odontológica"
"Consultório odontológico ABA","4.8","8","Estr. da Colonia Mário Reimberg Christe, número 322","São Paulo","São Paulo","BR",,"+55 11 5926-0133","Dentista",,,,,,,,,,"https://www.google.com/maps/search/?api=1&query=Consult%C3%B3rio%20odontol%C3%B3gico%20ABA&query_place_id=ChIJUc-ppktJzpQRlfv-TN9rLbM","Dentista"
"Soul + Dent","5","118","Av. das Palmeiras, 102","São Paulo","São Paulo","BR","https://www.instagram.com/soulmaisdent/","+55 11 99141-5123","Dentista",,,,,,,,,,"https://www.google.com/maps/search/?api=1&query=Soul%20%2B%20Dent&query_place_id=ChIJi5GZMwA3zpQREMzVpv6GQdQ","Dentista"
"Instituto Figueiredo de Odontologia - Unidade Parelheiros","2.8","28","Estr. da Colonia Mário Reimberg Christe, 366 - Sala 07","São Paulo","São Paulo","BR","https://institutofigueiredo.com/","+55 11 5926-3054","Dentista",,,,,,,,,,"https://www.google.com/maps/search/?api=1&query=Instituto%20Figueiredo%20de%20Odontologia%20-%20Unidade%20Parelheiros&query_place_id=ChIJCesXHypJzpQRDqe4gRXUu5c","Dentista"
"Clinica odontologica Especializada COE -Professora Yvette Razani Viegas","4.2","33","Estrada Engenheiro Marsilac, 1047","São Paulo","São Paulo","BR",,"+55 11 5193-0950","Dentista","Médico",,,,,,,,,"https://www.google.com/maps/search/?api=1&query=Clinica%20odontologica%20Especializada%20COE%20-Professora%20Yvette%20Razani%20Viegas&query_place_id=ChIJoT6O5ehJzpQRqcMxzgry6kM","Dentista"
"UPA - Parelheiros - Unidade de Pronto Atendimento","3.4","262","Estr. Ecoturística de Parelheiros, 5252","São Paulo","São Paulo","BR","https://www.saudedafamilia.org/","+55 11 5193-1870","Pronto atendimento",,,,,,,,,,"https://www.google.com/maps/search/?api=1&query=UPA%20-%20Parelheiros%20-%20Unidade%20de%20Pronto%20Atendimento&query_place_id=ChIJcze3c1dJzpQR_A7nvRQQyrU","Pronto atendimento"
"Família Odonto - Odontologia e Estética","4.8","65","Praça Júlio César de Campos, 4","São Paulo","São Paulo","BR",,"+55 11 98923-6970","Clínica odontológica",,,,,,,,,,"https://www.google.com/maps/search/?api=1&query=Fam%C3%ADlia%20Odonto%20-%20Odontologia%20e%20Est%C3%A9tica&query_place_id=ChIJ18tMR1lJzpQRR0ypSZkza0E","Clínica odontológica"
"Rodrigues Odontologia","5","1","R. Amaro de Pontes, 106A","São Paulo","São Paulo","BR",,"+55 11 94002-2462","Dentista",,,,,,,,,,"https://www.google.com/maps/search/?api=1&query=Rodrigues%20Odontologia&query_place_id=ChIJ6Q8RMWVJzpQR-8mKeHjZYnU","Dentista"
"WVL Odontologia","5","33","Estr. Ecoturística de Parelheiros, 6831 - Sala 2","São Paulo","São Paulo","BR",,"+55 11 95089-1775","Clínica odontológica",,,,,,,,,,"https://www.google.com/maps/search/?api=1&query=WVL%20Odontologia&query_place_id=ChIJz9cJnv1JzpQRTWfyxMeyPEs","Clínica odontológica"
"ERA Odontológica - Dentista Itaim Paulista","5","10","Rua Tibúrcio de Sousa, 71","São Paulo","São Paulo","BR","https://wa.me/5511942832526?text=Ol%C3%A1%2Cvim%20do%20Google%20e%20quero%20saber%20como%20agendar%20um%20hor%C3%A1rio.","+55 11 2562-2666","Dentista","Clínica odontológica","Cirurgião dentista",,,,,,,,"https://www.google.com/maps/search/?api=1&query=ERA%20Odontol%C3%B3gica%20-%20Dentista%20Itaim%20Paulista&query_place_id=ChIJ6TinaBdjzpQR66ZZ_yk5g0Y","Dentista"
"Oral Sin Implantes Guaianases - Dentista em São Paulo","5","169","R. Coutinho e Melo, 34","São Paulo","São Paulo","BR","http://www.oralsinsp.com.br/","+55 11 5908-3994","Dentista","Clínica odontológica","Clínica de implante dentário","Cirurgião dentista",,,,,,,"https://www.google.com/maps/search/?api=1&query=Oral%20Sin%20Implantes%20Guaianases%20-%20Dentista%20em%20S%C3%A3o%20Paulo&query_place_id=ChIJnwZi655lzpQRFGLAAEtr_sY","Dentista"
"Dentista Itaquera- VALE DENTAL CLINIC","5","26","R. Lagoa do Campelo, 118","São Paulo","São Paulo","BR",,"+55 11 97996-4374","Clínica odontológica",,,,,,,,,,"https://www.google.com/maps/search/?api=1&query=Dentista%20Itaquera-%20VALE%20DENTAL%20CLINIC&query_place_id=ChIJ_-3IJtZnzpQRFTfMjT_4HAc","Clínica odontológica"
"Clínica Odontológica Dr. Cezar dos Santos - Dentista","4.8","53","R. Líbero Ancona Lopez, 48","São Paulo","São Paulo","BR",,"+55 11 2297-9055","Dentista","Clínica odontológica",,,,,,,,,"https://www.google.com/maps/search/?api=1&query=Cl%C3%ADnica%20Odontol%C3%B3gica%20Dr.%20Cezar%20dos%20Santos%20-%20Dentista&query_place_id=ChIJY3RwnBJhzpQR7mPxG29TeC0","Dentista"
"Dra Talita Kaori/ Dentista/ Itaquera/Prótese","4.8","57","R. Fontoura Xavier, 1024","São Paulo","São Paulo","BR",,"+55 11 97644-6326","Cirurgião dentista","Endodontista","Clínico geral","Ortodontista",,,,,,,"https://www.google.com/maps/search/?api=1&query=Dra%20Talita%20Kaori%2F%20Dentista%2F%20Itaquera%2FPr%C3%B3tese&query_place_id=ChIJy2wPn5ZmzpQReqtKoCk2xQ8","Cirurgião dentista"
"Dentista Doutora Viviane","5","4","R. Dr. Durval Vilalva, 115","São Paulo","São Paulo","BR",,"+55 11 94770-4800","Dentista",,,,,,,,,,"https://www.google.com/maps/search/?api=1&query=Dentista%20Doutora%20Viviane&query_place_id=ChIJqe7eeIJjzpQR9K9ImbA5shA","Dentista"
"Sigla Odontologia - Dentista","4.1","52","Av. Águia de Haia, 1865","São Paulo","São Paulo","BR",,"+55 11 94458-7373","Clínica odontológica","Limpeza","Endodontista","Cirurgião dentista","Ortodontista",,,,,,"https://www.google.com/maps/search/?api=1&query=Sigla%20Odontologia%20-%20Dentista&query_place_id=ChIJn0r-PythzpQRUl1Ana6-Sto","Clínica odontológica"
"Dra Caroline Guedes - Dentista Artur Alvim | Ortodontia | Facetas Dentais | Endodontia","4.9","64","R. Galileu Menon, 153 - 1° Andar","São Paulo","São Paulo","BR","http://dracarolineguedes.com/","+55 11 97607-8028","Ortodontista","Clínica odontológica",,,,,,,,,"https://www.google.com/maps/search/?api=1&query=Dra%20Caroline%20Guedes%20-%20Dentista%20Artur%20Alvim%20%7C%20Ortodontia%20%7C%20Facetas%20Dentais%20%7C%20Endodontia&query_place_id=ChIJh8A69zJnzpQRXbBpHTtMyn0","Ortodontista"
"Dentista Odonto Rizzo - Clínica Rizzo","5","44","R. Rio Eiró, 95","São Paulo","São Paulo","BR",,"+55 11 2091-3516","Dentista","Dentista cosmético","Periodontia e implantes dentários","Clínica odontológica","Centro de cuidados com dentaduras","Endodontista","Cirurgião dentista","Ortodontista",,,"https://www.google.com/maps/search/?api=1&query=Dentista%20Odonto%20Rizzo%20-%20Cl%C3%ADnica%20Rizzo&query_place_id=ChIJry-DtjJhzpQR1ojASi9Uxos","Dentista"
"Dentista - Dra Estér Amália","4.8","4","Av. Águia de Haia, 359","São Paulo","São Paulo","BR",,"+55 11 2280-3150","Dentista",,,,,,,,,,"https://www.google.com/maps/search/?api=1&query=Dentista%20-%20Dra%20Est%C3%A9r%20Am%C3%A1lia&query_place_id=ChIJ3RZ7aSlnzpQRFsmxIkw-M9g","Dentista"
"Dentista Vila Nhocuné - Dra. Adelina","4.9","71","Av. Sousa Bandeira, 258","São Paulo","São Paulo","BR","https://draadelina.com.br/","+55 11 97632-3187","Dentista","Clínica odontológica","Periodontia e implantes dentários","Endodontista","Cirurgião dentista","Ortodontista",,,,,"https://www.google.com/maps/search/?api=1&query=Dentista%20Vila%20Nhocun%C3%A9%20-%20Dra.%20Adelina&query_place_id=ChIJMb75KUlnzpQR9CR6xsQpDi8","Dentista"
"Dentista - Dra. Ana Paula M. Caldas","4.6","12","R. Salvador Gianetti, 946","São Paulo","São Paulo","BR",,"+55 11 2557-8647","Cirurgião dentista",,,,,,,,,,"https://www.google.com/maps/search/?api=1&query=Dentista%20-%20Dra.%20Ana%20Paula%20M.%20Caldas&query_place_id=ChIJUSnyLUxkzpQRCXu6jx8lJWY","Cirurgião dentista"
"Dentista Dr. Geraldo S. Sato","5","18","Rua Balsámo, 9 - S 7","São Paulo","São Paulo","BR",,"+55 11 2741-6827","Dentista",,,,,,,,,,"https://www.google.com/maps/search/?api=1&query=Dentista%20Dr.%20Geraldo%20S.%20Sato&query_place_id=ChIJB_weNERnzpQRVCv8L5WOLNU","Dentista"
"Dentista Avenida São Miguel","5","1","Av. São Miguel, 4268","São Paulo","São Paulo","BR",,"","Dentista",,,,,,,,,,"https://www.google.com/maps/search/?api=1&query=Dentista%20Avenida%20S%C3%A3o%20Miguel&query_place_id=ChIJMT9AvzBhzpQRoIS1tr1L4_I","Dentista"
"Clínica Geral de Proteses Dentista","4","2","6-8 Jardim Sao Goncalo,, Estr. da Colonia Mário Reimberg Christe, 190","São Paulo","SP","BR",,"+55 59217215","Hospital",,,,,,,,,,"https://www.google.com/maps/search/?api=1&query=Cl%C3%ADnica%20Geral%20de%20Proteses%20Dentista&query_place_id=ChIJBy_BHZVJzpQRlHg1kAGKRfY","Hospital"
"Dra Juliana Avancini Busquets","4.5","8","R. Amaro de Pontes, 113","São Paulo","São Paulo","BR","https://instagram.com/odontocaresp?utm_medium=copy_link","+55 11 5920-2329","Clínica odontológica","Cirurgião dentista",,,,,,,,,"https://www.google.com/maps/search/?api=1&query=Dra%20Juliana%20Avancini%20Busquets&query_place_id=ChIJE3Sww-1JzpQRAnyW6fguKlg","Clínica odontológica"
"Alto odontologia","5","4","Av. das Orquídeas, 121","São Paulo","São Paulo","BR",,"+55 11 91772-0824","Dentista",,,,,,,,,,"https://www.google.com/maps/search/?api=1&query=Alto%20odontologia&query_place_id=ChIJazjxQCg3zpQR2U5pHXZc9ek","Dentista"
"Consultório Odontológico Elves da Silva Pereira",,,"Rua K, 06","São Paulo","São Paulo","BR",,"+55 11 94352-2888","Cirurgião dentista",,,,,,,,,,"https://www.google.com/maps/search/?api=1&query=Consult%C3%B3rio%20Odontol%C3%B3gico%20Elves%20da%20Silva%20Pereira&query_place_id=ChIJDX8iE65JzpQR_vFlal0tt6c","Cirurgião dentista"
"Harmony Clinic","5","2","Estr. Ecoturística de Parelheiros, 6151","São Paulo","São Paulo","BR","https://harmonyclinicsp.com.br/","+55 11 93763-4292","Clínica especializada",,,,,,,,,,"https://www.google.com/maps/search/?api=1&query=Harmony%20Clinic&query_place_id=ChIJt1mOvW5JzpQRxjN6X9UijIs","Clínica especializada"
"Clínica dentária Vargem Grande","1","1","Av. das Palmeiras, 130","São Paulo","São Paulo","BR",,"","Dentista",,,,,,,,,,"https://www.google.com/maps/search/?api=1&query=Cl%C3%ADnica%20dent%C3%A1ria%20Vargem%20Grande&query_place_id=ChIJo-TbFgA3zpQRAtRueBGf4qc","Dentista"
"WR Odontologia","5","3","Estr. da Barragem, 158","São Paulo","São Paulo","BR",,"+55 11 94381-1508","Dentista","Clínica odontológica","Clínico geral","Odontopediatra",,,,,,,"https://www.google.com/maps/search/?api=1&query=WR%20Odontologia&query_place_id=ChIJM_4yAm43zpQRTPD_hrg5JYo","Dentista"
"Dr. Felipe Jesus",,,"R. Bartolomeu de Bolonha, 349","São Paulo","São Paulo","BR",,"+55 11 99211-7843","Dentista",,,,,,,,,,"https://www.google.com/maps/search/?api=1&query=Dr.%20Felipe%20Jesus&query_place_id=ChIJRXGQ9XE3zpQRN2lI3SL-Ebo","Dentista"
"Parelheiros - Ceo Yvette Viegas","4.6","8","Estrada Engenheiro Marsilac, 1047","São Paulo","São Paulo","BR",,"+55 11 5193-0650","Policlínica",,,,,,,,,,"https://www.google.com/maps/search/?api=1&query=Parelheiros%20-%20Ceo%20Yvette%20Viegas&query_place_id=ChIJN2SX5uhJzpQRQkaFyx60DHU","Policlínica"
"Yavit Odontologia e Estética","5","17","Rua Bem Te Vi, 53","São Paulo","São Paulo","BR","http://yavitodonto.zeloclin.com.br/","+55 11 98963-4238","Dentista","Endodontista","Ortodontista",,,,,,,,"https://www.google.com/maps/search/?api=1&query=Yavit%20Odontologia%20e%20Est%C3%A9tica&query_place_id=ChIJHfuEJaNPzpQRqhRlMulvb9g","Dentista"
"J.Kerbe Odontologia","5","1","Praça Júlio César de Campos, 29","São Paulo","São Paulo","BR",,"+55 11 99583-3884","Periodontista",,,,,,,,,,"https://www.google.com/maps/search/?api=1&query=J.Kerbe%20Odontologia&query_place_id=ChIJH4lluWFJzpQRtt9dDphVnoI","Periodontista"
"DenteClinic",,,"Av. das Palmeiras, 110","São Paulo","São Paulo","BR",,"","Dentista",,,,,,,,,,"https://www.google.com/maps/search/?api=1&query=DenteClinic&query_place_id=ChIJMf8qRAA3zpQRy1SCfsIlbpc","Dentista"
"UBS JARDIM SILVEIRA","3.6","33","R. Bonifácio Asioli, 162","São Paulo","São Paulo","BR","https://cnes.datasus.gov.br/","","Posto de saúde comunitário","Hospital",,,,,,,,,"https://www.google.com/maps/search/?api=1&query=UBS%20JARDIM%20SILVEIRA&query_place_id=ChIJU1Zoyy02zpQRSCPHhB0_ss4","Posto de saúde comunitário"
"Dentista Dra. Maria Ivanice","5","3","Estr. Ecoturística de Parelheiros, 6771","São Paulo","São Paulo","BR",,"+55 11 5921-8241","Cirurgião",,,,,,,,,,"https://www.google.com/maps/search/?api=1&query=Dentista%20Dra.%20Maria%20Ivanice&query_place_id=ChIJoSqQXUBJzpQRMraqdp-UTDg","Cirurgião"
"Altera Odontologia - Clínica Odontológica em São Paulo","5","587","Avenida das Cerejeiras, 571 Jd. Japão","São Paulo","SP","BR","http://alteraodonto.com.br/","+55 11 96978-0843","Dentista","Dentista cosmético","Periodontia e implantes dentários","Endodontista","Cirurgião dentista","Ortodontista","Laboratório de prótese e órtese","Clínica de odontopediatria",,,"https://www.google.com/maps/search/?api=1&query=Altera%20Odontologia%20-%20Cl%C3%ADnica%20Odontol%C3%B3gica%20em%20S%C3%A3o%20Paulo&query_place_id=ChIJNbNrfEdfzpQRctKLpLQjQBY","Dentista"
"Numa Odontologia","5","348","Ed. Spot Offices - Av. Amador Bueno da Veiga, 1230 - sala 102/103","São Paulo","São Paulo","BR","http://www.numaodontologia.com.br/","+55 11 93492-1733","Dentista",,,,,,,,,,"https://www.google.com/maps/search/?api=1&query=Numa%20Odontologia&query_place_id=ChIJMay1uQNfzpQRRGxxfopXPeg","Dentista"
"Carvalho Odontologia | Dentista Especialista em Implante, Lente, Prótese... Porto Seguro, Sulamérica, Careplus, Rede Unna...","4.9","2325","Praça Tókio, 74 - Vila Maria Alta - Zona Norte","São Paulo","SP","BR","http://www.carvalhoodontologia.com.br/","+55 11 2201-4007","Clínica odontológica","Periodontia e implantes dentários","Dentista","Endodontista","Clínico geral","Cirurgião dentista","Ortodontista","Odontopediatra","Periodontista",,"https://www.google.com/maps/search/?api=1&query=Carvalho%20Odontologia%20%7C%20Dentista%20Especialista%20em%20Implante%2C%20Lente%2C%20Pr%C3%B3tese...%20Porto%20Seguro%2C%20Sulam%C3%A9rica%2C%20Careplus%2C%20Rede%20Unna...&query_place_id=ChIJz30ujWlfzpQRA8VjsUgWXSo","Clínica odontológica"
"IT Odontologia | Invisalign e Estética Dental | Zona Leste SP","4.9","157","R. Fernandes Vieira, 143","São Paulo","São Paulo","BR","https://itodontologia.com.br/","+55 11 2692-0246","Clínica odontológica","Dentista cosmético","Periodontia e implantes dentários","Dentista","Endodontista","Cirurgião dentista","Ortodontista","Odontopediatra","Clínica de odontopediatria","Periodontista","https://www.google.com/maps/search/?api=1&query=IT%20Odontologia%20%7C%20Invisalign%20e%20Est%C3%A9tica%20Dental%20%7C%20Zona%20Leste%20SP&query_place_id=ChIJsbZmUtJezpQRLBAvQqSfqbo","Clínica odontológica"
"Oral Riso Odontologia","4.9","286","R. Silva Jardim, 31","São Paulo","São Paulo","BR","https://linkr.bio/oralriso","+55 11 2507-9110","Clínica odontológica",,,,,,,,,,"https://www.google.com/maps/search/?api=1&query=Oral%20Riso%20Odontologia&query_place_id=ChIJR__JLi1ZzpQRCvvfw-gI2YY","Clínica odontológica"
"Miranda Odontologia","4.9","453","Dentro do Sonda Supermercados - R. Maria Cândida, 1511","São Paulo","São Paulo","BR","https://www.odontologiamiranda.com.br/","+55 11 2905-5367","Dentista","Clínica odontológica","Cirurgião dentista","Ortodontista","Odontopediatra","Clínica de odontopediatria",,,,,"https://www.google.com/maps/search/?api=1&query=Miranda%20Odontologia&query_place_id=ChIJQfckGwhZzpQRH4xBh14N_aE","Dentista"
"Dra. Ana Lúcia Nono Alvares","5","92","R. Mussumés, 633","São Paulo","São Paulo","BR","https://www.instagram.com/nonno.odontologia/","+55 11 97182-0189","Dentista","Clínica odontológica","Centro de cuidados com dentaduras","Endodontista","Cirurgião dentista","Ortodontista","Odontopediatra","Periodontista",,,"https://www.google.com/maps/search/?api=1&query=Dra.%20Ana%20L%C3%BAcia%20Nono%20Alvares&query_place_id=ChIJEa4OADRfzpQRudqB7UbcDb8","Dentista"
"Amitti Odontologia Humanizada","4.9","342","R. Irmã Carolina, 274","São Paulo","São Paulo","BR","https://gabrielaestevesodonto.com/","+55 11 2506-4501","Dentista","Clínica odontológica",,,,,,,,,"https://www.google.com/maps/search/?api=1&query=Amitti%20Odontologia%20Humanizada&query_place_id=ChIJf_HcGfpezpQR0En_ZY3m-YQ","Dentista"
"Smile Life Odontologia Ltda","5","23","R. Rincão, 61","São Paulo","São Paulo","BR",,"+55 11 99723-7282","Dentista",,,,,,,,,,"https://www.google.com/maps/search/?api=1&query=Smile%20Life%20Odontologia%20Ltda&query_place_id=ChIJZ8v2hOdfzpQR9fC87MVSi6s","Dentista"
"Takano Odontologia Integrada","4.8","1269","Av. Carlos Oberhuber, 551","São Paulo","São Paulo","BR","https://www.takanoodontologia.com.br/","+55 11 5973-8988","Dentista","Clínica odontológica",,,,,,,,,"https://www.google.com/maps/search/?api=1&query=Takano%20Odontologia%20Integrada&query_place_id=ChIJ0V8rCOFOzpQROTQyKMSV8uQ","Dentista"
"Odontoledo - Excelência em Odontologia - Unidade IV Cidade Dutra","4.8","186","Av. Sen. Teotônio Vilela, 639","São Paulo","São Paulo","BR","http://odontoledo.com/","+55 11 4107-7737","Cirurgião dentista","Clínica odontológica","Dentista",,,,,,,,"https://www.google.com/maps/search/?api=1&query=Odontoledo%20-%20Excel%C3%AAncia%20em%20Odontologia%20-%20Unidade%20IV%20Cidade%20Dutra&query_place_id=ChIJ0SiVLclPzpQR2rVh-uddPt4","Cirurgião dentista"
"Espaço A Odontologia","4.9","473","Av. Sen. Teotônio Vilela, 2926","São Paulo","São Paulo","BR","http://www.espacoaodontologia.com.br/","+55 11 97018-4406","Dentista","Dentista cosmético","Clínica odontológica","Periodontia e implantes dentários","Radiologia odontológica","Cirurgião dentista",,,,,"https://www.google.com/maps/search/?api=1&query=Espa%C3%A7o%20A%20Odontologia&query_place_id=ChIJsx4_JQZPzpQRdUpYsL27Exw","Dentista"
"MP Odontologia & Saúde","4.9","278","Estr. do Alvarenga, 2934","São Paulo","São Paulo","BR","https://lp.mpodontologiaesaude.com.br/","+55 11 99107-2782","Clínica odontológica",,,,,,,,,,"https://www.google.com/maps/search/?api=1&query=MP%20Odontologia%20%26%20Sa%C3%BAde&query_place_id=ChIJDchjZgxFzpQRlHILhdoRwYU","Clínica odontológica"
"MJ Odontologia | Implante Dentário | Periodontia | Tratamento de canal | Prótese dentária","4.9","89","R. das Pérolas, 101","São Paulo","São Paulo","BR","https://mjodontologia.com.br/","+55 11 96295-2456","Dentista","Periodontia e implantes dentários","Endodontista","Cirurgião dentista","Ortodontista",,,,,,"https://www.google.com/maps/search/?api=1&query=MJ%20Odontologia%20%7C%20Implante%20Dent%C3%A1rio%20%7C%20Periodontia%20%7C%20Tratamento%20de%20canal%20%7C%20Pr%C3%B3tese%20dent%C3%A1ria&query_place_id=ChIJvdbv_xZJzpQROlnmgL_ifeI","Dentista"
"Clínica Andrade Odontologia","4.9","98","R. Bartolomeu Rampini, 34 - sala 01","São Paulo","São Paulo","BR",,"+55 11 97585-1354","Clínica odontológica","Cirurgião dentista",,,,,,,,,"https://www.google.com/maps/search/?api=1&query=Cl%C3%ADnica%20Andrade%20Odontologia&query_place_id=ChIJj1r9ii5JzpQRaS2ZfnjBAfs","Clínica odontológica"
"São José Odontologia Integrada","4.8","117","Av. Carlos Oberhuber, 504","São Paulo","São Paulo","BR","https://www.instagram.com/saojoseodontologia?igsh=MTM5a3U1MzR3aHFmcQ%3D%3D&utm_source=qr","+55 11 2339-8587","Cirurgião dentista",,,,,,,,,,"https://www.google.com/maps/search/?api=1&query=S%C3%A3o%20Jos%C3%A9%20Odontologia%20Integrada&query_place_id=ChIJuTrm8eFOzpQR9zXHqpBW-RA","Cirurgião dentista"
"Ono Odontologia | Dentista Cidade Dutra | Lente de contato | Implante | Invisalign | Prótese | Tratamento de canal","5","114","R. Guaruva, 291","São Paulo","São Paulo","BR","http://onoodontologia.com.br/","+55 11 5666-3412","Clínica odontológica",,,,,,,,,,"https://www.google.com/maps/search/?api=1&query=Ono%20Odontologia%20%7C%20Dentista%20Cidade%20Dutra%20%7C%20Lente%20de%20contato%20%7C%20Implante%20%7C%20Invisalign%20%7C%20Pr%C3%B3tese%20%7C%20Tratamento%20de%20canal&query_place_id=ChIJp6DcvrBPzpQRPfKOXfOxG7Q","Clínica odontológica"
"Cidade Dutra Odontologia e Estética","4.9","73","R. Cambuci do Vale, 81","São Paulo","São Paulo","BR","https://dutraodontologia.com.br/","+55 11 5668-8660","Clínica odontológica",,,,,,,,,,"https://www.google.com/maps/search/?api=1&query=Cidade%20Dutra%20Odontologia%20e%20Est%C3%A9tica&query_place_id=ChIJ46jTGB9PzpQRhcHZ8DV01-g","Clínica odontológica"
"AS Odontologia","5","245","Av. Dona Belmira Marin, 739","São Paulo","São Paulo","BR",,"+55 11 98216-6308","Clínica odontológica","Dentista",,,,,,,,,"https://www.google.com/maps/search/?api=1&query=AS%20Odontologia&query_place_id=ChIJLUf-RhRPzpQRh-MhX5E2guo","Clínica odontológica"
"Adonis Odontologia","4.9","38","R. Jequirituba, 2189","São Paulo","São Paulo","BR","https://www.instagram.com/adonisodontologia/","+55 11 94082-5445","Dentista",,,,,,,,,,"https://www.google.com/maps/search/?api=1&query=Adonis%20Odontologia&query_place_id=ChIJEzKsm0FPzpQRgCHTX5Xe4jM","Dentista"
"Bucal Saude Odontologia","5","138","Av. Nossa Sra. do Sabará, 3760 - 06","São Paulo","São Paulo","BR",,"+55 11 96255-1170","Dentista",,,,,,,,,,"https://www.google.com/maps/search/?api=1&query=Bucal%20Saude%20Odontologia&query_place_id=ChIJ7yLVM39PzpQRyWEfhltixiU","Dentista"
"+Sorriso Odontologia Cidade Dutra","4.6","41","Av. Sen. Teotônio Vilela, n° 1477","São Paulo","São Paulo","BR","https://clinica.maissorriso.odo.br/","+55 11 93710-2632","Clínica odontológica",,,,,,,,,,"https://www.google.com/maps/search/?api=1&query=%2BSorriso%20Odontologia%20Cidade%20Dutra&query_place_id=ChIJIyfFENlPzpQRNkXmvWf3YUA","Clínica odontológica"
"Dra. Lidiane e Dr. Gabriel. Cazula Odontologia DESDE 2012. Unid: 1. Dentista Botox Invisalign Implante Aparelho","5","276","Av. Antonio Carlos Benjamin dos Santos, 3075 - 1° Andar","São Paulo","São Paulo","BR","https://www.cazulaodontologia.com.br/","+55 11 5526-9442","Dentista","Clínica odontológica","Periodontia e implantes dentários","Centro de cuidados com dentaduras","Serviço dentário de emergência","Endodontista","Cirurgião dentista","Ortodontista","Odontopediatra",,"https://www.google.com/maps/search/?api=1&query=Dra.%20Lidiane%20e%20Dr.%20Gabriel.%20Cazula%20Odontologia%20DESDE%202012.%20Unid%3A%201.%20Dentista%20Botox%20Invisalign%20Implante%20Aparelho&query_place_id=ChIJ16hggs5IzpQRlBGMd-j_JIk","Dentista"
"SENA ODONTOLOGIA INTEGRADA","4.8","94","Rua Augusto Correia, 51","São Paulo","São Paulo","BR","https://www.instagram.com/senna.odontologia?igsh=ZDd3c2tyeHg0MWl6","+55 11 5669-1058","Clínica odontológica",,,,,,,,,,"https://www.google.com/maps/search/?api=1&query=SENA%20ODONTOLOGIA%20INTEGRADA&query_place_id=ChIJl9qf_gxPzpQRy-0gGYlMZXM","Clínica odontológica"
"Clinica Odontológica Cocaia (Prisma Odontologia)","5","129","R. Rubens de Oliveira, 345a","São Paulo","São Paulo","BR","https://www.facebook.com/refletindonovossorrisos","+55 11 5931-4594","Dentista",,,,,,,,,,"https://www.google.com/maps/search/?api=1&query=Clinica%20Odontol%C3%B3gica%20Cocaia%20(Prisma%20Odontologia)&query_place_id=ChIJyfBy7_tFzpQRtPVC4-sGw9E","Dentista"
"Clínica Influence Odontologia","5","33","Rua Professor Adolpho Pinheiro Machado, 56 - loja 3","São Paulo","São Paulo","BR",,"+55 11 98611-2653","Dentista",,,,,,,,,,"https://www.google.com/maps/search/?api=1&query=Cl%C3%ADnica%20Influence%20Odontologia&query_place_id=ChIJS8SMbgBPzpQR1zyuQGSTAgI","Dentista"
"FDM Odontologia Especializada","5","282","Av. Joaquina Ramalho, 1072/1074","São Paulo","São Paulo","BR","http://fdmodontologia.com.br/","+55 11 2909-1753","Clínica odontológica",,,,,,,,,,"https://www.google.com/maps/search/?api=1&query=FDM%20Odontologia%20Especializada&query_place_id=ChIJN9weB6VYzpQRNZlMLqc1Hhg","Clínica odontológica"
"Garrido Odontologia","4.9","100","R. Dr. João Ribeiro, 295","São Paulo","São Paulo","BR",,"+55 11 2925-0098","Clínica odontológica",,,,,,,,,,"https://www.google.com/maps/search/?api=1&query=Garrido%20Odontologia&query_place_id=ChIJX-Pp0HZfzpQR8it-aRW7u-g","Clínica odontológica"
"Divina Odontologia","4.9","239","R. Itinguçu, 1973","São Paulo","São Paulo","BR","http://divinaodontologia.com.br/","+55 11 97090-1099","Clínica odontológica","Cirurgião dentista",,,,,,,,,"https://www.google.com/maps/search/?api=1&query=Divina%20Odontologia&query_place_id=ChIJV3OEGLhgzpQRdQGOgYRL0iM","Clínica odontológica"
"VFC Studio de Odontologia","5","689","R. Maria Carlota, 828","São Paulo","São Paulo","BR","https://linkr.bio/odontologiavfc","+55 11 99275-8462","Clínica odontológica",,,,,,,,,,"https://www.google.com/maps/search/?api=1&query=VFC%20Studio%20de%20Odontologia&query_place_id=ChIJvbAapxhfzpQR2dBmWFFJM-I","Clínica odontológica"
"Ludant Odontologia","4.9","83","R. Apucarana, 282 - CJ 21","São Paulo","São Paulo","BR","https://instagram.com/ludant_odontologia","+55 11 91493-0199","Centro de saúde e beleza",,,,,,,,,,"https://www.google.com/maps/search/?api=1&query=Ludant%20Odontologia&query_place_id=ChIJ5WOvf7FfzpQRsqXgsclBU0Q","Centro de saúde e beleza"
"NorthPrev Odontologia","5","589","R. Jacuna, 256","São Paulo","São Paulo","BR",,"+55 11 97124-2417","Dentista","Cirurgião dentista",,,,,,,,,"https://www.google.com/maps/search/?api=1&query=NorthPrev%20Odontologia&query_place_id=ChIJabHEh59YzpQRCmn4zq8ZEy0","Dentista"
"Asf Odontologia","4.9","83","Av. Cangaíba, 2270","São Paulo","São Paulo","BR",,"+55 11 91683-6130","Clínica odontológica",,,,,,,,,,"https://www.google.com/maps/search/?api=1&query=Asf%20Odontologia&query_place_id=ChIJJerOYXhfzpQR6OGsyQcjzDY","Clínica odontológica"
"Deale Odontologia - Cirurgia de Implantes Dentários l Prótese Protocolo l Ortodontia em Vila Maria Alta São Paulo","5","438","Av. Conceição, 4063","São Paulo","São Paulo","BR","https://dealeodontologia.com.br/","+55 11 91341-1378","Clínica odontológica","Dentista","Ortodontista",,,,,,,,"https://www.google.com/maps/search/?api=1&query=Deale%20Odontologia%20-%20Cirurgia%20de%20Implantes%20Dent%C3%A1rios%20l%20Pr%C3%B3tese%20Protocolo%20l%20Ortodontia%20em%20Vila%20Maria%20Alta%20S%C3%A3o%20Paulo&query_place_id=ChIJPVHhpV5fzpQRDtR2qFtTmsY","Clínica odontológica"
"Dra. Mariana Lima odontologia","4.8","25","R. Bom Sucesso, 220","São Paulo","São Paulo","BR",,"+55 11 94709-2878","Clínica odontológica",,,,,,,,,,"https://www.google.com/maps/search/?api=1&query=Dra.%20Mariana%20Lima%20odontologia&query_place_id=ChIJWamLM8BezpQR7rWo9SoqEyU","Clínica odontológica"
"Integral Clinic Odontologia","4.9","99","R. Maria Eugênia, 111","São Paulo","São Paulo","BR","http://www.integralclinicodontologia.com.br/","+55 11 2295-1585","Cirurgião dentista",,,,,,,,,,"https://www.google.com/maps/search/?api=1&query=Integral%20Clinic%20Odontologia&query_place_id=ChIJk3Kgs0tfzpQRTMRcSAQhqRs","Cirurgião dentista"
"Luna Odontologia","5","78","R. Henrique Sertório, 157","São Paulo","São Paulo","BR",,"+55 11 94841-1434","Clínica odontológica",,,,,,,,,,"https://www.google.com/maps/search/?api=1&query=Luna%20Odontologia&query_place_id=ChIJq4TEkdxezpQRj79ply7M_fw","Clínica odontológica"
"Ciclos Odontologia","5","43","R. Paulo de Faria, 146 - sala 1103","São Paulo","São Paulo","BR",,"+55 11 97604-7469","Clínica odontológica",,,,,,,,,,"https://www.google.com/maps/search/?api=1&query=Ciclos%20Odontologia&query_place_id=ChIJ_zF2CTf3zpQRWpmSP6DqvyE","Clínica odontológica"
"Diniz Odontologia | Centro de São Paulo","4.8","33","Praça da Sé, 158 - sala 203","São Paulo","São Paulo","BR",,"+55 11 3115-3641","Dentista",,,,,,,,,,"https://www.google.com/maps/search/?api=1&query=Diniz%20Odontologia%20%7C%20Centro%20de%20S%C3%A3o%20Paulo&query_place_id=ChIJA84OY0dZzpQRhGDbnrCboik","Dentista"
"Implantes dentários | Dentista | Artimplan Odontologia | Zona Norte","5","302","Av. Nova Cantareira, 3613","São Paulo","São Paulo","BR","https://clinicaartimplan.com.br/","+55 11 98998-0606","Clínica odontológica",,,,,,,,,,"https://www.google.com/maps/search/?api=1&query=Implantes%20dent%C3%A1rios%20%7C%20Dentista%20%7C%20Artimplan%20Odontologia%20%7C%20Zona%20Norte&query_place_id=ChIJ76Yh9fD2zpQR3_L6B4FGLis","Clínica odontológica"
"Encanto Odontologia - Odontopediatria, Ortodontia ,Sedação, Zona leste SP","5","62","R. Apucarana, 272 - sala 404","São Paulo","São Paulo","BR","https://encantoodontologia.com.br/","+55 11 97808-2926","Odontopediatra","Clínica odontológica","Dentista","Ortodontista","Clínica de odontopediatria",,,,,,"https://www.google.com/maps/search/?api=1&query=Encanto%20Odontologia%20-%20Odontopediatria%2C%20Ortodontia%20%2CSeda%C3%A7%C3%A3o%2C%20Zona%20leste%20SP&query_place_id=ChIJH_oROI9nzpQRiKu9ri6QORI","Odontopediatra"
"Odontologia Galindo","4.8","292","Av. Nova Cantareira, 659","São Paulo","São Paulo","BR","http://www.igodonto.com.br/","+55 11 2979-2626","Dentista","Clínica odontológica","Periodontia e implantes dentários","Ortodontista","Odontopediatra",,,,,,"https://www.google.com/maps/search/?api=1&query=Odontologia%20Galindo&query_place_id=ChIJQ-yikTj2zpQRtzxVr29TucI","Dentista"
"Dra. Bianca Arhontis - Odontologia Estética","5","21","Praça das Professoras, 11","São Paulo","São Paulo","BR","https://api.whatsapp.com/send?phone=55011949944099&text=Ol%C3%A1%20gostaria%20de%20mais%20informa%C3%A7%C3%B5es.","+55 11 94994-4099","Clínica odontológica",,,,,,,,,,"https://www.google.com/maps/search/?api=1&query=Dra.%20Bianca%20Arhontis%20-%20Odontologia%20Est%C3%A9tica&query_place_id=ChIJg0pJ-mhnzpQRi-fiipW9OQw","Clínica odontológica"
"Clínica Flores Odontologia e Saúde - Santana","4.8","149","R. Dr. Zuquim, 604","São Paulo","São Paulo","BR","https://clinicafloresodontologia.com.br/","+55 11 95114-4666","Clínica odontológica",,,,,,,,,,"https://www.google.com/maps/search/?api=1&query=Cl%C3%ADnica%20Flores%20Odontologia%20e%20Sa%C3%BAde%20-%20Santana&query_place_id=ChIJJTbG9SX2zpQRnabgA2oAfzk","Clínica odontológica"
"Odontologia Barros","4.9","14","R. Cel. Luís Americano, 352 - Sala 14","São Paulo","São Paulo","BR",,"+55 11 97767-9254","Cirurgião dentista",,,,,,,,,,"https://www.google.com/maps/search/?api=1&query=Odontologia%20Barros&query_place_id=ChIJPVgGl5FezpQRVJB4q7MSEiU","Cirurgião dentista"
"Únika Odontologia","5","127","Av. Guilherme Cotching, 1572","São Paulo","São Paulo","BR","http://unikaodontologia.com.br/odonto/","+55 11 4750-1595","Dentista","Dentista cosmético","Clínica odontológica","Periodontia e implantes dentários","Cirurgião dentista","Ortodontista","Clínica especializada",,,,"https://www.google.com/maps/search/?api=1&query=%C3%9Anika%20Odontologia&query_place_id=ChIJdUGYkTZfzpQRxMb_1-9Kym0","Dentista"
"Consultório Odontologia",,,"R. Godói Preto, 336","São Paulo","São Paulo","BR",,"+55 11 2618-1583","Dentista",,,,,,,,,,"https://www.google.com/maps/search/?api=1&query=Consult%C3%B3rio%20Odontologia&query_place_id=ChIJwztZQABZzpQRcZulZZ9-aeU","Dentista"
"Aznar Odontologia","5","77","R. Cap. Luís Ramos, 283","São Paulo","São Paulo","BR","http://www.aznarodontologia.com/","","Dentista",,,,,,,,,,"https://www.google.com/maps/search/?api=1&query=Aznar%20Odontologia&query_place_id=ChIJVVXhAaRYzpQRaeJj9sxA144","Dentista"
"BEM ESTAR ODONTOLOGIA E SAÚDE","4.9","156","R. Dr. João Ribeiro, 231","São Paulo","São Paulo","BR","https://wa.me/message/THJEVADFSDP6K1","+55 11 98781-6965","Dentista","Clínica odontológica","Periodontia e implantes dentários","Endodontista","Cirurgião dentista","Ortodontista",,,,,"https://www.google.com/maps/search/?api=1&query=BEM%20ESTAR%20ODONTOLOGIA%20E%20SA%C3%9ADE&query_place_id=ChIJo32GD1FezpQRFGGK6EKzF7M","Dentista"
"Lummine Odontologia","5","72","Av. Gen. Ataliba Leonel, 2929","São Paulo","São Paulo","BR","http://wa.me/5511945226234","+55 11 94522-6234","Clínica odontológica",,,,,,,,,,"https://www.google.com/maps/search/?api=1&query=Lummine%20Odontologia&query_place_id=ChIJMYmUI8T3zpQRPwmIv-Sc3lQ","Clínica odontológica"
"BEO - Bem Estar Odontologia","4.8","125","Rua Barão de Itapetininga 273 1ºandar sala E 01042-001","São Paulo","SP","BR",,"+55 11 3151-5472","Clínica odontológica",,,,,,,,,,"https://www.google.com/maps/search/?api=1&query=BEO%20-%20Bem%20Estar%20Odontologia&query_place_id=ChIJpzFJAehZzpQRwnV3h3aJygc","Clínica odontológica"
"Odontologia Ferrari","5","1","R. Nicolau Barreto, 156","São Paulo","São Paulo","BR",,"+55 11 2694-6710","Cirurgião dentista",,,,,,,,,,"https://www.google.com/maps/search/?api=1&query=Odontologia%20Ferrari&query_place_id=ChIJIRyo1i5ZzpQRvgM3rHamZnE","Cirurgião dentista"
"IOP Odontologia","5","198","R. Ipojuca, 58","São Paulo","São Paulo","BR","https://iopodonto.com.br/","+55 11 95784-8575","Dentista",,,,,,,,,,"https://www.google.com/maps/search/?api=1&query=IOP%20Odontologia&query_place_id=ChIJjz19acFezpQRfh7FLnyup3A","Dentista"
"Mabruk Odontologia - Dr. Pablo Queijo e Dra. Tatyana Gomes","4.4","40","Rua Professor Joaquim Osório de Azevedo, 144","São Paulo","São Paulo","BR","http://www.odontomabruk.com.br/","+55 11 98810-8410","Clínica odontológica",,,,,,,,,,"https://www.google.com/maps/search/?api=1&query=Mabruk%20Odontologia%20-%20Dr.%20Pablo%20Queijo%20e%20Dra.%20Tatyana%20Gomes&query_place_id=ChIJrxJJTDr2zpQRuy1OuI0uNoQ","Clínica odontológica"
"Vecca Odontologia","4.9","529","Rua Nunes de Siqueira, 136","São Paulo","São Paulo","BR",,"+55 11 96072-5449","Dentista",,,,,,,,,,"https://www.google.com/maps/search/?api=1&query=Vecca%20Odontologia&query_place_id=ChIJJb_8ALxfzpQRvEwk7CWD75w","Dentista"
"Clinica HR Odontologia | LENTES EM RESINA | IMPLANTE DENTÁRIO","5","14","R. Alfredo Pujol, 1466 - sala 7","São Paulo","São Paulo","BR","http://instagram.com/clinica.hr","+55 11 91358-2755","Dentista","Clínica odontológica","Cirurgião dentista",,,,,,,,"https://www.google.com/maps/search/?api=1&query=Clinica%20HR%20Odontologia%20%7C%20LENTES%20EM%20RESINA%20%7C%20IMPLANTE%20DENT%C3%81RIO&query_place_id=ChIJgXaY0Xr3zpQRLHMTiBrvZN0","Dentista"
"Clínica Nakamura - Odontologia Especializada","4.9","71","R. Manuel Vítor de Jesus, 344A","São Paulo","São Paulo","BR","https://linktr.ee/clinicanakamura?fbclid=PAAaZSaUE3zlFxD7GFDKXuInLjNfvjVoDrxCEPj51oPLmpoaXpaZDCMYdxeag","+55 11 98837-7443","Clínica odontológica",,,,,,,,,,"https://www.google.com/maps/search/?api=1&query=Cl%C3%ADnica%20Nakamura%20-%20Odontologia%20Especializada&query_place_id=ChIJ1ZR0T3FTzpQRnk-N2tNfRpk","Clínica odontológica"
"ODONTUS SANTA LÚCIA ODONTOLOGIA","4.6","139","R. Prof. Barroso do Amaral, 95 - Sobreloja","São Paulo","São Paulo","BR",,"+55 11 5831-0269","Clínica odontológica",,,,,,,,,,"https://www.google.com/maps/search/?api=1&query=ODONTUS%20SANTA%20L%C3%9ACIA%20ODONTOLOGIA&query_place_id=ChIJjevrHXNTzpQR89kiaqlgSYw","Clínica odontológica"
"LAMOUR Odontologia","5","16","Av. Taquandava, 22 - A","São Paulo","São Paulo","BR","https://wa.me/5511959585592","+55 11 95958-5592","Dentista","Limpeza","Clínica odontológica","Periodontia e implantes dentários","Endodontista","Ortodontista","Serviço de clareamento dental",,,,"https://www.google.com/maps/search/?api=1&query=LAMOUR%20Odontologia&query_place_id=ChIJjYQMGABNzpQR8ziV-GH3Zik","Dentista"
"Oral Bless Odontologia e Estética","4.9","132","R. Feitiço da Vila, 51","São Paulo","São Paulo","BR","https://clinicaoralbless.com.br/","+55 11 92033-3069","Clínica odontológica","Esteticista","Endodontista","Ortodontista","Odontopediatra","Periodontista",,,,,"https://www.google.com/maps/search/?api=1&query=Oral%20Bless%20Odontologia%20e%20Est%C3%A9tica&query_place_id=ChIJzcXYAdpTzpQRjjNHCRH4f6s","Clínica odontológica"
"Odontologia Integrada","4.8","21","Rua Visconde de Jari, 80","São Paulo","São Paulo","BR",,"+55 11 93271-4640","Clínica odontológica",,,,,,,,,,"https://www.google.com/maps/search/?api=1&query=Odontologia%20Integrada&query_place_id=ChIJ175HIClTzpQR3yUoeLFngvc","Clínica odontológica"
"Odontologia Preciosa","4.7","33","R. Luar do Sertão, 2008 - sala 2","São Paulo","São Paulo","BR","https://www.instagram.com/odontologiapreciosa?igsh=aXEwdjgzeWpna3lz","+55 11 91315-3622","Clínica de implante dentário","Cirurgião dentista","Ortodontista","Odontopediatra",,,,,,,"https://www.google.com/maps/search/?api=1&query=Odontologia%20Preciosa&query_place_id=ChIJozwNWIpTzpQRRPgQJPSX1RE","Clínica de implante dentário"
"Oliveira Clinic Odontologia em Alta Performance","5","593","R. Manuel Vítor de Jesus, 344A","São Paulo","São Paulo","BR","http://oliveiraclinic.com.br/","+55 11 97767-7945","Clínica odontológica",,,,,,,,,,"https://www.google.com/maps/search/?api=1&query=Oliveira%20Clinic%20Odontologia%20em%20Alta%20Performance&query_place_id=ChIJP0g2cKVRzpQRD4LePOj0JFw","Clínica odontológica"
"Seu Sorriso Odontologia","4.6","1176","Rua Isabel Schmidt, 360","São Paulo","São Paulo","BR","https://www.facebook.com/seusorrisoodontologia","+55 11 5541-7646","Clínica odontológica",,,,,,,,,,"https://www.google.com/maps/search/?api=1&query=Seu%20Sorriso%20Odontologia&query_place_id=ChIJO54ejVZQzpQRlDAhT8wF4KQ","Clínica odontológica"
"Odontologia Carvalho","4.9","489","R. Aureliano Guimarães, 172 - Sala 416","São Paulo","São Paulo","BR","http://www.odontologiacarvalho.com/","+55 11 93801-5575","Clínica odontológica",,,,,,,,,,"https://www.google.com/maps/search/?api=1&query=Odontologia%20Carvalho&query_place_id=ChIJly1-qfxTzpQR-UOnqdXHJb4","Clínica odontológica"
"One Odontologia Moema - Invisalign em Moema","5","308","Av. Lavandisca, 741 - cj 68","São Paulo","São Paulo","BR","https://invisalignemmoema.com.br/","+55 11 94385-9731","Clínica odontológica",,,,,,,,,,"https://www.google.com/maps/search/?api=1&query=One%20Odontologia%20Moema%20-%20Invisalign%20em%20Moema&query_place_id=ChIJtX31PChbzpQRRYiHUm7F3oM","Clínica odontológica"
"Odontoclinic Vila Mariana | Dr Hugo Robertson – Implantes e Reabilitação Oral","4.9","880","R. Domingos de Morais, 725","São Paulo","São Paulo","BR","https://odontoclinicvilamariana.com.br/","+55 11 99945-8333","Clínica de implante dentário","Dentista cosmético","Clínica odontológica","Periodontia e implantes dentários","Dentista","Cirurgião dentista","Ortodontista","Clínica especializada",,,"https://www.google.com/maps/search/?api=1&query=Odontoclinic%20Vila%20Mariana%20%7C%20Dr%20Hugo%20Robertson%20%E2%80%93%20Implantes%20e%20Reabilita%C3%A7%C3%A3o%20Oral&query_place_id=ChIJEWkbN4RZzpQRnN3HYg0Bjgs","Clínica de implante dentário"
"KIAN Odontologia","5","231","Av. Paulista, 509 - CJ 811","São Paulo","São Paulo","BR","https://www.kianodontologia.com.br/","+55 11 99910-7115","Dentista","Clínica odontológica",,,,,,,,,"https://www.google.com/maps/search/?api=1&query=KIAN%20Odontologia&query_place_id=ChIJQxSx2L5ZzpQRPXXWCVQ9OM8","Dentista"
"All Smiles Odontologia","4.8","116","R. Domingos de Morais, 2781 - sala 1314","São Paulo","São Paulo","BR","https://www.allsmilesodontologia.com.br/","+55 11 2597-7501","Clínica odontológica",,,,,,,,,,"https://www.google.com/maps/search/?api=1&query=All%20Smiles%20Odontologia&query_place_id=ChIJOWLHW75bzpQR6GAoFpYgTJo","Clínica odontológica"
"Clinica FR Odontologia","5","177","Ed. Neo Corporate - R. Enxovia, nº 472 - sala 1408","São Paulo","São Paulo","BR","http://frodonto.com.br/","+55 11 97601-2131","Clínica odontológica",,,,,,,,,,"https://www.google.com/maps/search/?api=1&query=Clinica%20FR%20Odontologia&query_place_id=ChIJDz1r0_lRzpQRNFj-CXgeHTw","Clínica odontológica"
"LSR ODONTOLOGIA","4.8","68","Av. Paulista, 509 - Conj. 1504","São Paulo","São Paulo","BR","https://www.lsrodontologia.com.br/","+55 11 96359-4671","Dentista","Dentista cosmético","Cirurgião dentista",,,,,,,,"https://www.google.com/maps/search/?api=1&query=LSR%20ODONTOLOGIA&query_place_id=ChIJrwfnn75ZzpQRqEqv5TylO9g","Dentista"
"Saabe Odontologia","4.9","155","R. Dr. Neto de Araújo, 320 - cj 208","São Paulo","São Paulo","BR","https://dentistanavilamariana.com.br/","+55 11 97876-3061","Dentista","Periodontia e implantes dentários","Cirurgião dentista","Ortodontista","Odontopediatra",,,,,,"https://www.google.com/maps/search/?api=1&query=Saabe%20Odontologia&query_place_id=ChIJ9TLr1SpazpQRJfiQePx1-uc","Dentista"
"Benatti Odontologia","4.9","409","Av. Paulista, 925","São Paulo","São Paulo","BR","https://benattiodontologia.com.br/","+55 11 97632-4570","Dentista","Dentista cosmético","Clínica odontológica","Clínica de implante dentário","Endodontista","Cirurgião dentista","Periodontista","Serviço de clareamento dental",,,"https://www.google.com/maps/search/?api=1&query=Benatti%20Odontologia&query_place_id=ChIJB9m9hsdZzpQRxO1MbJ_2uY0","Dentista"
"Odontologia Belo Sorriso","5","18","R. Dr. Neto de Araújo, 320 - conj 109","São Paulo","São Paulo","BR","https://linktr.ee/belosorrisovilamariana?fbclid=PAZXh0bgNhZW0CMTEAAaaUVF4fJL9ULymv1OFalL8nLrPFCKaXsOiAkFPZejd5ZLCR9QjplwyNtxc_aem_AemwZqBsaZc3rCUkQ3-SnOFu5X6WVrFFzeWFRukcsuhAiw4Z7SYg3yObRDgTbfvGDqKD7-yGlj58k-G1RdISWEsc","+55 11 5089-5089","Clínica odontológica",,,,,,,,,,"https://www.google.com/maps/search/?api=1&query=Odontologia%20Belo%20Sorriso&query_place_id=ChIJiRca7albzpQR-htMtGeXrMo","Clínica odontológica"
"Navi Odontologia","5","131","Rua Alba, 1406 Vila Santa Catarina - Zona Sul","São Paulo","SP","BR","https://navi-odontologia.localo.site/","+55 11 97579-1174","Dentista","Clínica odontológica","Periodontia e implantes dentários","Clínica de implante dentário","Endodontista","Centro de saúde e beleza","Cirurgião dentista","Ortodontista","Odontopediatra","Periodontista","https://www.google.com/maps/search/?api=1&query=Navi%20Odontologia&query_place_id=ChIJmxCzZJxbzpQRuLRcAmaKsds","Dentista"
"WE odontologia","4.9","39","Av. Jabaquara, 1737","São Paulo","São Paulo","BR",,"+55 11 2361-9310","Dentista",,,,,,,,,,"https://www.google.com/maps/search/?api=1&query=WE%20odontologia&query_place_id=ChIJqxh4jLNbzpQRZDA5OYOC1bc","Dentista"
